"time","poolid","voltage","current","power","mqtttopic","raw"
2025-08-21 01:56:35.000 +0200,Pool H32,236.0,0.052,2.0,home/H32/pool/solarpump/tasmota/tele/SENSOR,"""{\""Time\"":\""2025-08-21T01:56:35\"",\""Epoch\"":1755734195,\""ENERGY\"":{\""TotalStartTime\"":\""2025-08-05T13:51:51\"",\""Total\"":42.321,\""Yesterday\"":3.281,\""Today\"":0.004,\""Period\"": 0,\""Power\"": 2,\""ApparentPower\"":12,\""ReactivePower\"":12,\""Factor\"":0.18,\""Voltage\"":236,\""Current\"":0.052}}"""
2025-08-21 01:51:35.000 +0200,Pool H32,236.0,0.052,2.0,home/H32/pool/solarpump/tasmota/tele/SENSOR,"""{\""Time\"":\""2025-08-21T01:51:35\"",\""Epoch\"":1755733895,\""ENERGY\"":{\""TotalStartTime\"":\""2025-08-05T13:51:51\"",\""Total\"":42.321,\""Yesterday\"":3.281,\""Today\"":0.004,\""Period\"": 0,\""Power\"": 2,\""ApparentPower\"":12,\""ReactivePower\"":12,\""Factor\"":0.20,\""Voltage\"":236,\""Current\"":0.052}}"""
2025-08-21 01:46:35.000 +0200,Pool H32,236.0,0.051,2.0,home/H32/pool/solarpump/tasmota/tele/SENSOR,"""{\""Time\"":\""2025-08-21T01:46:35\"",\""Epoch\"":1755733595,\""ENERGY\"":{\""TotalStartTime\"":\""2025-08-05T13:51:51\"",\""Total\"":42.321,\""Yesterday\"":3.281,\""Today\"":0.004,\""Period\"": 0,\""Power\"": 2,\""ApparentPower\"":12,\""ReactivePower\"":12,\""Factor\"":0.17,\""Voltage\"":236,\""Current\"":0.051}}"""
2025-08-21 01:41:35.000 +0200,Pool H32,236.0,0.06,2.0,home/H32/pool/solarpump/tasmota/tele/SENSOR,"""{\""Time\"":\""2025-08-21T01:41:35\"",\""Epoch\"":1755733295,\""ENERGY\"":{\""TotalStartTime\"":\""2025-08-05T13:51:51\"",\""Total\"":42.321,\""Yesterday\"":3.281,\""Today\"":0.004,\""Period\"": 0,\""Power\"": 2,\""ApparentPower\"":14,\""ReactivePower\"":14,\""Factor\"":0.15,\""Voltage\"":236,\""Current\"":0.060}}"""
2025-08-21 01:36:35.000 +0200,Pool H32,236.0,0.055,2.0,home/H32/pool/solarpump/tasmota/tele/SENSOR,"""{\""Time\"":\""2025-08-21T01:36:35\"",\""Epoch\"":1755732995,\""ENERGY\"":{\""TotalStartTime\"":\""2025-08-05T13:51:51\"",\""Total\"":42.321,\""Yesterday\"":3.281,\""Today\"":0.004,\""Period\"": 0,\""Power\"": 2,\""ApparentPower\"":13,\""ReactivePower\"":13,\""Factor\"":0.16,\""Voltage\"":236,\""Current\"":0.055}}"""
2025-08-21 01:31:35.000 +0200,Pool H32,235.0,0.051,2.0,home/H32/pool/solarpump/tasmota/tele/SENSOR,"""{\""Time\"":\""2025-08-21T01:31:35\"",\""Epoch\"":1755732695,\""ENERGY\"":{\""TotalStartTime\"":\""2025-08-05T13:51:51\"",\""Total\"":42.320,\""Yesterday\"":3.281,\""Today\"":0.004,\""Period\"": 0,\""Power\"": 2,\""ApparentPower\"":12,\""ReactivePower\"":12,\""Factor\"":0.17,\""Voltage\"":235,\""Current\"":0.051}}"""
2025-08-21 01:26:35.000 +0200,Pool H32,236.0,0.053,2.0,home/H32/pool/solarpump/tasmota/tele/SENSOR,"""{\""Time\"":\""2025-08-21T01:26:35\"",\""Epoch\"":1755732395,\""ENERGY\"":{\""TotalStartTime\"":\""2025-08-05T13:51:51\"",\""Total\"":42.320,\""Yesterday\"":3.281,\""Today\"":0.003,\""Period\"": 0,\""Power\"": 2,\""ApparentPower\"":12,\""ReactivePower\"":12,\""Factor\"":0.18,\""Voltage\"":236,\""Current\"":0.053}}"""
2025-08-21 01:21:35.000 +0200,Pool H32,234.0,0.056,2.0,home/H32/pool/solarpump/tasmota/tele/SENSOR,"""{\""Time\"":\""2025-08-21T01:21:35\"",\""Epoch\"":1755732095,\""ENERGY\"":{\""TotalStartTime\"":\""2025-08-05T13:51:51\"",\""Total\"":42.320,\""Yesterday\"":3.281,\""Today\"":0.003,\""Period\"": 0,\""Power\"": 2,\""ApparentPower\"":13,\""ReactivePower\"":13,\""Factor\"":0.16,\""Voltage\"":234,\""Current\"":0.056}}"""
2025-08-21 01:16:35.000 +0200,Pool H32,235.0,0.053,2.0,home/H32/pool/solarpump/tasmota/tele/SENSOR,"""{\""Time\"":\""2025-08-21T01:16:35\"",\""Epoch\"":1755731795,\""ENERGY\"":{\""TotalStartTime\"":\""2025-08-05T13:51:51\"",\""Total\"":42.320,\""Yesterday\"":3.281,\""Today\"":0.003,\""Period\"": 0,\""Power\"": 2,\""ApparentPower\"":12,\""ReactivePower\"":12,\""Factor\"":0.17,\""Voltage\"":235,\""Current\"":0.053}}"""
2025-08-21 01:11:35.000 +0200,Pool H32,235.0,0.053,2.0,home/H32/pool/solarpump/tasmota/tele/SENSOR,"""{\""Time\"":\""2025-08-21T01:11:35\"",\""Epoch\"":1755731495,\""ENERGY\"":{\""TotalStartTime\"":\""2025-08-05T13:51:51\"",\""Total\"":42.320,\""Yesterday\"":3.281,\""Today\"":0.003,\""Period\"": 0,\""Power\"": 2,\""ApparentPower\"":12,\""ReactivePower\"":12,\""Factor\"":0.17,\""Voltage\"":235,\""Current\"":0.053}}"""
2025-08-21 01:06:35.000 +0200,Pool H32,236.0,0.05,2.0,home/H32/pool/solarpump/tasmota/tele/SENSOR,"""{\""Time\"":\""2025-08-21T01:06:35\"",\""Epoch\"":1755731195,\""ENERGY\"":{\""TotalStartTime\"":\""2025-08-05T13:51:51\"",\""Total\"":42.319,\""Yesterday\"":3.281,\""Today\"":0.003,\""Period\"": 0,\""Power\"": 2,\""ApparentPower\"":12,\""ReactivePower\"":12,\""Factor\"":0.18,\""Voltage\"":236,\""Current\"":0.050}}"""
2025-08-21 01:01:35.000 +0200,Pool H32,237.0,0.059,2.0,home/H32/pool/solarpump/tasmota/tele/SENSOR,"""{\""Time\"":\""2025-08-21T01:01:35\"",\""Epoch\"":1755730895,\""ENERGY\"":{\""TotalStartTime\"":\""2025-08-05T13:51:51\"",\""Total\"":42.319,\""Yesterday\"":3.281,\""Today\"":0.002,\""Period\"": 0,\""Power\"": 2,\""ApparentPower\"":14,\""ReactivePower\"":14,\""Factor\"":0.15,\""Voltage\"":237,\""Current\"":0.059}}"""
2025-08-21 00:56:35.000 +0200,Pool H32,237.0,0.047,2.0,home/H32/pool/solarpump/tasmota/tele/SENSOR,"""{\""Time\"":\""2025-08-21T00:56:35\"",\""Epoch\"":1755730595,\""ENERGY\"":{\""TotalStartTime\"":\""2025-08-05T13:51:51\"",\""Total\"":42.319,\""Yesterday\"":3.281,\""Today\"":0.002,\""Period\"": 0,\""Power\"": 2,\""ApparentPower\"":11,\""ReactivePower\"":11,\""Factor\"":0.22,\""Voltage\"":237,\""Current\"":0.047}}"""
2025-08-21 00:51:35.000 +0200,Pool H32,237.0,0.047,2.0,home/H32/pool/solarpump/tasmota/tele/SENSOR,"""{\""Time\"":\""2025-08-21T00:51:35\"",\""Epoch\"":1755730295,\""ENERGY\"":{\""TotalStartTime\"":\""2025-08-05T13:51:51\"",\""Total\"":42.319,\""Yesterday\"":3.281,\""Today\"":0.002,\""Period\"": 0,\""Power\"": 2,\""ApparentPower\"":11,\""ReactivePower\"":11,\""Factor\"":0.20,\""Voltage\"":237,\""Current\"":0.047}}"""
2025-08-21 00:46:35.000 +0200,Pool H32,236.0,0.049,2.0,home/H32/pool/solarpump/tasmota/tele/SENSOR,"""{\""Time\"":\""2025-08-21T00:46:35\"",\""Epoch\"":1755729995,\""ENERGY\"":{\""TotalStartTime\"":\""2025-08-05T13:51:51\"",\""Total\"":42.319,\""Yesterday\"":3.281,\""Today\"":0.002,\""Period\"": 0,\""Power\"": 2,\""ApparentPower\"":12,\""ReactivePower\"":11,\""Factor\"":0.18,\""Voltage\"":236,\""Current\"":0.049}}"""
2025-08-21 00:41:35.000 +0200,Pool H32,239.0,0.055,2.0,home/H32/pool/solarpump/tasmota/tele/SENSOR,"""{\""Time\"":\""2025-08-21T00:41:35\"",\""Epoch\"":1755729695,\""ENERGY\"":{\""TotalStartTime\"":\""2025-08-05T13:51:51\"",\""Total\"":42.318,\""Yesterday\"":3.281,\""Today\"":0.002,\""Period\"": 0,\""Power\"": 2,\""ApparentPower\"":13,\""ReactivePower\"":13,\""Factor\"":0.17,\""Voltage\"":239,\""Current\"":0.055}}"""
2025-08-21 00:36:35.000 +0200,Pool H32,238.0,0.047,2.0,home/H32/pool/solarpump/tasmota/tele/SENSOR,"""{\""Time\"":\""2025-08-21T00:36:35\"",\""Epoch\"":1755729395,\""ENERGY\"":{\""TotalStartTime\"":\""2025-08-05T13:51:51\"",\""Total\"":42.318,\""Yesterday\"":3.281,\""Today\"":0.001,\""Period\"": 0,\""Power\"": 2,\""ApparentPower\"":11,\""ReactivePower\"":11,\""Factor\"":0.20,\""Voltage\"":238,\""Current\"":0.047}}"""
2025-08-21 00:31:35.000 +0200,Pool H32,238.0,0.064,2.0,home/H32/pool/solarpump/tasmota/tele/SENSOR,"""{\""Time\"":\""2025-08-21T00:31:35\"",\""Epoch\"":1755729095,\""ENERGY\"":{\""TotalStartTime\"":\""2025-08-05T13:51:51\"",\""Total\"":42.318,\""Yesterday\"":3.281,\""Today\"":0.001,\""Period\"": 0,\""Power\"": 2,\""ApparentPower\"":15,\""ReactivePower\"":15,\""Factor\"":0.14,\""Voltage\"":238,\""Current\"":0.064}}"""
2025-08-21 00:26:35.000 +0200,Pool H32,237.0,0.059,2.0,home/H32/pool/solarpump/tasmota/tele/SENSOR,"""{\""Time\"":\""2025-08-21T00:26:35\"",\""Epoch\"":1755728795,\""ENERGY\"":{\""TotalStartTime\"":\""2025-08-05T13:51:51\"",\""Total\"":42.318,\""Yesterday\"":3.281,\""Today\"":0.001,\""Period\"": 0,\""Power\"": 2,\""ApparentPower\"":14,\""ReactivePower\"":14,\""Factor\"":0.16,\""Voltage\"":237,\""Current\"":0.059}}"""
2025-08-21 00:21:35.000 +0200,Pool H32,238.0,0.05,2.0,home/H32/pool/solarpump/tasmota/tele/SENSOR,"""{\""Time\"":\""2025-08-21T00:21:35\"",\""Epoch\"":1755728495,\""ENERGY\"":{\""TotalStartTime\"":\""2025-08-05T13:51:51\"",\""Total\"":42.318,\""Yesterday\"":3.281,\""Today\"":0.001,\""Period\"": 0,\""Power\"": 2,\""ApparentPower\"":12,\""ReactivePower\"":12,\""Factor\"":0.19,\""Voltage\"":238,\""Current\"":0.050}}"""
2025-08-21 00:16:35.000 +0200,Pool H32,239.0,0.05,2.0,home/H32/pool/solarpump/tasmota/tele/SENSOR,"""{\""Time\"":\""2025-08-21T00:16:35\"",\""Epoch\"":1755728195,\""ENERGY\"":{\""TotalStartTime\"":\""2025-08-05T13:51:51\"",\""Total\"":42.318,\""Yesterday\"":3.281,\""Today\"":0.001,\""Period\"": 0,\""Power\"": 2,\""ApparentPower\"":12,\""ReactivePower\"":12,\""Factor\"":0.18,\""Voltage\"":239,\""Current\"":0.050}}"""
2025-08-21 00:11:35.000 +0200,Pool H32,239.0,0.052,2.0,home/H32/pool/solarpump/tasmota/tele/SENSOR,"""{\""Time\"":\""2025-08-21T00:11:35\"",\""Epoch\"":1755727895,\""ENERGY\"":{\""TotalStartTime\"":\""2025-08-05T13:51:51\"",\""Total\"":42.317,\""Yesterday\"":3.281,\""Today\"":0.000,\""Period\"": 0,\""Power\"": 2,\""ApparentPower\"":12,\""ReactivePower\"":12,\""Factor\"":0.18,\""Voltage\"":239,\""Current\"":0.052}}"""
2025-08-21 00:06:35.000 +0200,Pool H32,240.0,0.049,2.0,home/H32/pool/solarpump/tasmota/tele/SENSOR,"""{\""Time\"":\""2025-08-21T00:06:35\"",\""Epoch\"":1755727595,\""ENERGY\"":{\""TotalStartTime\"":\""2025-08-05T13:51:51\"",\""Total\"":42.317,\""Yesterday\"":3.281,\""Today\"":0.000,\""Period\"": 0,\""Power\"": 2,\""ApparentPower\"":12,\""ReactivePower\"":12,\""Factor\"":0.19,\""Voltage\"":240,\""Current\"":0.049}}"""
2025-08-21 00:01:35.000 +0200,Pool H32,240.0,0.057,2.0,home/H32/pool/solarpump/tasmota/tele/SENSOR,"""{\""Time\"":\""2025-08-21T00:01:35\"",\""Epoch\"":1755727295,\""ENERGY\"":{\""TotalStartTime\"":\""2025-08-05T13:51:51\"",\""Total\"":42.317,\""Yesterday\"":3.281,\""Today\"":0.000,\""Period\"": 0,\""Power\"": 2,\""ApparentPower\"":14,\""ReactivePower\"":14,\""Factor\"":0.16,\""Voltage\"":240,\""Current\"":0.057}}"""
2025-08-20 23:56:35.000 +0200,Pool H32,239.0,0.052,2.0,home/H32/pool/solarpump/tasmota/tele/SENSOR,"""{\""Time\"":\""2025-08-20T23:56:35\"",\""Epoch\"":1755726995,\""ENERGY\"":{\""TotalStartTime\"":\""2025-08-05T13:51:51\"",\""Total\"":42.317,\""Yesterday\"":3.494,\""Today\"":3.281,\""Period\"": 0,\""Power\"": 2,\""ApparentPower\"":12,\""ReactivePower\"":12,\""Factor\"":0.17,\""Voltage\"":239,\""Current\"":0.052}}"""
2025-08-20 23:51:35.000 +0200,Pool H32,238.0,0.062,2.0,home/H32/pool/solarpump/tasmota/tele/SENSOR,"""{\""Time\"":\""2025-08-20T23:51:35\"",\""Epoch\"":1755726695,\""ENERGY\"":{\""TotalStartTime\"":\""2025-08-05T13:51:51\"",\""Total\"":42.317,\""Yesterday\"":3.494,\""Today\"":3.281,\""Period\"": 0,\""Power\"": 2,\""ApparentPower\"":15,\""ReactivePower\"":15,\""Factor\"":0.15,\""Voltage\"":238,\""Current\"":0.062}}"""
2025-08-20 23:46:35.000 +0200,Pool H32,239.0,0.049,2.0,home/H32/pool/solarpump/tasmota/tele/SENSOR,"""{\""Time\"":\""2025-08-20T23:46:35\"",\""Epoch\"":1755726395,\""ENERGY\"":{\""TotalStartTime\"":\""2025-08-05T13:51:51\"",\""Total\"":42.316,\""Yesterday\"":3.494,\""Today\"":3.281,\""Period\"": 0,\""Power\"": 2,\""ApparentPower\"":12,\""ReactivePower\"":12,\""Factor\"":0.19,\""Voltage\"":239,\""Current\"":0.049}}"""
2025-08-20 23:41:35.000 +0200,Pool H32,239.0,0.051,2.0,home/H32/pool/solarpump/tasmota/tele/SENSOR,"""{\""Time\"":\""2025-08-20T23:41:35\"",\""Epoch\"":1755726095,\""ENERGY\"":{\""TotalStartTime\"":\""2025-08-05T13:51:51\"",\""Total\"":42.316,\""Yesterday\"":3.494,\""Today\"":3.281,\""Period\"": 0,\""Power\"": 2,\""ApparentPower\"":12,\""ReactivePower\"":12,\""Factor\"":0.18,\""Voltage\"":239,\""Current\"":0.051}}"""
2025-08-20 23:36:35.000 +0200,Pool H32,238.0,0.049,2.0,home/H32/pool/solarpump/tasmota/tele/SENSOR,"""{\""Time\"":\""2025-08-20T23:36:35\"",\""Epoch\"":1755725795,\""ENERGY\"":{\""TotalStartTime\"":\""2025-08-05T13:51:51\"",\""Total\"":42.316,\""Yesterday\"":3.494,\""Today\"":3.280,\""Period\"": 0,\""Power\"": 2,\""ApparentPower\"":12,\""ReactivePower\"":12,\""Factor\"":0.19,\""Voltage\"":238,\""Current\"":0.049}}"""
2025-08-20 23:31:35.000 +0200,Pool H32,239.0,0.049,2.0,home/H32/pool/solarpump/tasmota/tele/SENSOR,"""{\""Time\"":\""2025-08-20T23:31:35\"",\""Epoch\"":1755725495,\""ENERGY\"":{\""TotalStartTime\"":\""2025-08-05T13:51:51\"",\""Total\"":42.316,\""Yesterday\"":3.494,\""Today\"":3.280,\""Period\"": 0,\""Power\"": 2,\""ApparentPower\"":12,\""ReactivePower\"":12,\""Factor\"":0.19,\""Voltage\"":239,\""Current\"":0.049}}"""
2025-08-20 23:26:35.000 +0200,Pool H32,238.0,0.069,2.0,home/H32/pool/solarpump/tasmota/tele/SENSOR,"""{\""Time\"":\""2025-08-20T23:26:35\"",\""Epoch\"":1755725195,\""ENERGY\"":{\""TotalStartTime\"":\""2025-08-05T13:51:51\"",\""Total\"":42.316,\""Yesterday\"":3.494,\""Today\"":3.280,\""Period\"": 0,\""Power\"": 2,\""ApparentPower\"":16,\""ReactivePower\"":16,\""Factor\"":0.13,\""Voltage\"":238,\""Current\"":0.069}}"""
2025-08-20 23:21:35.000 +0200,Pool H32,234.0,0.046,4.0,home/H32/pool/solarpump/tasmota/tele/SENSOR,"""{\""Time\"":\""2025-08-20T23:21:35\"",\""Epoch\"":1755724895,\""ENERGY\"":{\""TotalStartTime\"":\""2025-08-05T13:51:51\"",\""Total\"":42.315,\""Yesterday\"":3.494,\""Today\"":3.280,\""Period\"": 0,\""Power\"": 4,\""ApparentPower\"":11,\""ReactivePower\"":10,\""Factor\"":0.38,\""Voltage\"":234,\""Current\"":0.046}}"""
2025-08-20 23:16:35.000 +0200,Pool H32,236.0,0.066,2.0,home/H32/pool/solarpump/tasmota/tele/SENSOR,"""{\""Time\"":\""2025-08-20T23:16:35\"",\""Epoch\"":1755724595,\""ENERGY\"":{\""TotalStartTime\"":\""2025-08-05T13:51:51\"",\""Total\"":42.315,\""Yesterday\"":3.494,\""Today\"":3.280,\""Period\"": 0,\""Power\"": 2,\""ApparentPower\"":16,\""ReactivePower\"":15,\""Factor\"":0.14,\""Voltage\"":236,\""Current\"":0.066}}"""
2025-08-20 23:11:35.000 +0200,Pool H32,236.0,0.047,3.0,home/H32/pool/solarpump/tasmota/tele/SENSOR,"""{\""Time\"":\""2025-08-20T23:11:35\"",\""Epoch\"":1755724295,\""ENERGY\"":{\""TotalStartTime\"":\""2025-08-05T13:51:51\"",\""Total\"":42.315,\""Yesterday\"":3.494,\""Today\"":3.280,\""Period\"": 0,\""Power\"": 3,\""ApparentPower\"":11,\""ReactivePower\"":11,\""Factor\"":0.31,\""Voltage\"":236,\""Current\"":0.047}}"""
2025-08-20 23:06:35.000 +0200,Pool H32,238.0,0.054,2.0,home/H32/pool/solarpump/tasmota/tele/SENSOR,"""{\""Time\"":\""2025-08-20T23:06:35\"",\""Epoch\"":1755723995,\""ENERGY\"":{\""TotalStartTime\"":\""2025-08-05T13:51:51\"",\""Total\"":42.315,\""Yesterday\"":3.494,\""Today\"":3.279,\""Period\"": 0,\""Power\"": 2,\""ApparentPower\"":13,\""ReactivePower\"":13,\""Factor\"":0.17,\""Voltage\"":238,\""Current\"":0.054}}"""
2025-08-20 23:01:35.000 +0200,Pool H32,237.0,0.046,2.0,home/H32/pool/solarpump/tasmota/tele/SENSOR,"""{\""Time\"":\""2025-08-20T23:01:35\"",\""Epoch\"":1755723695,\""ENERGY\"":{\""TotalStartTime\"":\""2025-08-05T13:51:51\"",\""Total\"":42.315,\""Yesterday\"":3.494,\""Today\"":3.279,\""Period\"": 0,\""Power\"": 2,\""ApparentPower\"":11,\""ReactivePower\"":11,\""Factor\"":0.20,\""Voltage\"":237,\""Current\"":0.046}}"""
2025-08-20 22:56:35.000 +0200,Pool H32,236.0,0.055,3.0,home/H32/pool/solarpump/tasmota/tele/SENSOR,"""{\""Time\"":\""2025-08-20T22:56:35\"",\""Epoch\"":1755723395,\""ENERGY\"":{\""TotalStartTime\"":\""2025-08-05T13:51:51\"",\""Total\"":42.314,\""Yesterday\"":3.494,\""Today\"":3.279,\""Period\"": 0,\""Power\"": 3,\""ApparentPower\"":13,\""ReactivePower\"":13,\""Factor\"":0.23,\""Voltage\"":236,\""Current\"":0.055}}"""
2025-08-20 22:51:35.000 +0200,Pool H32,236.0,0.058,2.0,home/H32/pool/solarpump/tasmota/tele/SENSOR,"""{\""Time\"":\""2025-08-20T22:51:35\"",\""Epoch\"":1755723095,\""ENERGY\"":{\""TotalStartTime\"":\""2025-08-05T13:51:51\"",\""Total\"":42.314,\""Yesterday\"":3.494,\""Today\"":3.279,\""Period\"": 0,\""Power\"": 2,\""ApparentPower\"":14,\""ReactivePower\"":14,\""Factor\"":0.16,\""Voltage\"":236,\""Current\"":0.058}}"""
2025-08-20 22:46:35.000 +0200,Pool H32,236.0,0.047,2.0,home/H32/pool/solarpump/tasmota/tele/SENSOR,"""{\""Time\"":\""2025-08-20T22:46:35\"",\""Epoch\"":1755722795,\""ENERGY\"":{\""TotalStartTime\"":\""2025-08-05T13:51:51\"",\""Total\"":42.314,\""Yesterday\"":3.494,\""Today\"":3.279,\""Period\"": 0,\""Power\"": 2,\""ApparentPower\"":11,\""ReactivePower\"":11,\""Factor\"":0.19,\""Voltage\"":236,\""Current\"":0.047}}"""
2025-08-20 22:41:35.000 +0200,Pool H32,234.0,0.054,2.0,home/H32/pool/solarpump/tasmota/tele/SENSOR,"""{\""Time\"":\""2025-08-20T22:41:35\"",\""Epoch\"":1755722495,\""ENERGY\"":{\""TotalStartTime\"":\""2025-08-05T13:51:51\"",\""Total\"":42.314,\""Yesterday\"":3.494,\""Today\"":3.278,\""Period\"": 0,\""Power\"": 2,\""ApparentPower\"":13,\""ReactivePower\"":13,\""Factor\"":0.17,\""Voltage\"":234,\""Current\"":0.054}}"""
2025-08-20 22:36:35.000 +0200,Pool H32,234.0,0.058,2.0,home/H32/pool/solarpump/tasmota/tele/SENSOR,"""{\""Time\"":\""2025-08-20T22:36:35\"",\""Epoch\"":1755722195,\""ENERGY\"":{\""TotalStartTime\"":\""2025-08-05T13:51:51\"",\""Total\"":42.314,\""Yesterday\"":3.494,\""Today\"":3.278,\""Period\"": 0,\""Power\"": 2,\""ApparentPower\"":14,\""ReactivePower\"":13,\""Factor\"":0.15,\""Voltage\"":234,\""Current\"":0.058}}"""
2025-08-20 22:31:35.000 +0200,Pool H32,235.0,0.05,2.0,home/H32/pool/solarpump/tasmota/tele/SENSOR,"""{\""Time\"":\""2025-08-20T22:31:35\"",\""Epoch\"":1755721895,\""ENERGY\"":{\""TotalStartTime\"":\""2025-08-05T13:51:51\"",\""Total\"":42.313,\""Yesterday\"":3.494,\""Today\"":3.278,\""Period\"": 0,\""Power\"": 2,\""ApparentPower\"":12,\""ReactivePower\"":12,\""Factor\"":0.19,\""Voltage\"":235,\""Current\"":0.050}}"""
2025-08-20 22:26:35.000 +0200,Pool H32,235.0,0.048,2.0,home/H32/pool/solarpump/tasmota/tele/SENSOR,"""{\""Time\"":\""2025-08-20T22:26:35\"",\""Epoch\"":1755721595,\""ENERGY\"":{\""TotalStartTime\"":\""2025-08-05T13:51:51\"",\""Total\"":42.313,\""Yesterday\"":3.494,\""Today\"":3.278,\""Period\"": 0,\""Power\"": 2,\""ApparentPower\"":11,\""ReactivePower\"":11,\""Factor\"":0.20,\""Voltage\"":235,\""Current\"":0.048}}"""
2025-08-20 22:21:35.000 +0200,Pool H32,234.0,0.054,2.0,home/H32/pool/solarpump/tasmota/tele/SENSOR,"""{\""Time\"":\""2025-08-20T22:21:35\"",\""Epoch\"":1755721295,\""ENERGY\"":{\""TotalStartTime\"":\""2025-08-05T13:51:51\"",\""Total\"":42.313,\""Yesterday\"":3.494,\""Today\"":3.278,\""Period\"": 0,\""Power\"": 2,\""ApparentPower\"":13,\""ReactivePower\"":13,\""Factor\"":0.17,\""Voltage\"":234,\""Current\"":0.054}}"""
2025-08-20 22:16:35.000 +0200,Pool H32,232.0,0.05,2.0,home/H32/pool/solarpump/tasmota/tele/SENSOR,"""{\""Time\"":\""2025-08-20T22:16:35\"",\""Epoch\"":1755720995,\""ENERGY\"":{\""TotalStartTime\"":\""2025-08-05T13:51:51\"",\""Total\"":42.313,\""Yesterday\"":3.494,\""Today\"":3.277,\""Period\"": 0,\""Power\"": 2,\""ApparentPower\"":12,\""ReactivePower\"":11,\""Factor\"":0.18,\""Voltage\"":232,\""Current\"":0.050}}"""
2025-08-20 22:11:35.000 +0200,Pool H32,231.0,0.047,2.0,home/H32/pool/solarpump/tasmota/tele/SENSOR,"""{\""Time\"":\""2025-08-20T22:11:35\"",\""Epoch\"":1755720695,\""ENERGY\"":{\""TotalStartTime\"":\""2025-08-05T13:51:51\"",\""Total\"":42.313,\""Yesterday\"":3.494,\""Today\"":3.277,\""Period\"": 0,\""Power\"": 2,\""ApparentPower\"":11,\""ReactivePower\"":11,\""Factor\"":0.18,\""Voltage\"":231,\""Current\"":0.047}}"""
2025-08-20 22:06:35.000 +0200,Pool H32,232.0,0.055,2.0,home/H32/pool/solarpump/tasmota/tele/SENSOR,"""{\""Time\"":\""2025-08-20T22:06:35\"",\""Epoch\"":1755720395,\""ENERGY\"":{\""TotalStartTime\"":\""2025-08-05T13:51:51\"",\""Total\"":42.313,\""Yesterday\"":3.494,\""Today\"":3.277,\""Period\"": 0,\""Power\"": 2,\""ApparentPower\"":13,\""ReactivePower\"":13,\""Factor\"":0.16,\""Voltage\"":232,\""Current\"":0.055}}"""
2025-08-20 22:01:35.000 +0200,Pool H32,234.0,0.05,2.0,home/H32/pool/solarpump/tasmota/tele/SENSOR,"""{\""Time\"":\""2025-08-20T22:01:35\"",\""Epoch\"":1755720095,\""ENERGY\"":{\""TotalStartTime\"":\""2025-08-05T13:51:51\"",\""Total\"":42.312,\""Yesterday\"":3.494,\""Today\"":3.277,\""Period\"": 0,\""Power\"": 2,\""ApparentPower\"":12,\""ReactivePower\"":12,\""Factor\"":0.18,\""Voltage\"":234,\""Current\"":0.050}}"""
2025-08-20 21:56:35.000 +0200,Pool H32,236.0,0.058,2.0,home/H32/pool/solarpump/tasmota/tele/SENSOR,"""{\""Time\"":\""2025-08-20T21:56:35\"",\""Epoch\"":1755719795,\""ENERGY\"":{\""TotalStartTime\"":\""2025-08-05T13:51:51\"",\""Total\"":42.312,\""Yesterday\"":3.494,\""Today\"":3.277,\""Period\"": 0,\""Power\"": 2,\""ApparentPower\"":14,\""ReactivePower\"":14,\""Factor\"":0.15,\""Voltage\"":236,\""Current\"":0.058}}"""
2025-08-20 21:51:35.000 +0200,Pool H32,236.0,0.05,2.0,home/H32/pool/solarpump/tasmota/tele/SENSOR,"""{\""Time\"":\""2025-08-20T21:51:35\"",\""Epoch\"":1755719495,\""ENERGY\"":{\""TotalStartTime\"":\""2025-08-05T13:51:51\"",\""Total\"":42.312,\""Yesterday\"":3.494,\""Today\"":3.276,\""Period\"": 0,\""Power\"": 2,\""ApparentPower\"":12,\""ReactivePower\"":12,\""Factor\"":0.18,\""Voltage\"":236,\""Current\"":0.050}}"""
2025-08-20 21:46:35.000 +0200,Pool H32,236.0,0.046,2.0,home/H32/pool/solarpump/tasmota/tele/SENSOR,"""{\""Time\"":\""2025-08-20T21:46:35\"",\""Epoch\"":1755719195,\""ENERGY\"":{\""TotalStartTime\"":\""2025-08-05T13:51:51\"",\""Total\"":42.312,\""Yesterday\"":3.494,\""Today\"":3.276,\""Period\"": 0,\""Power\"": 2,\""ApparentPower\"":11,\""ReactivePower\"":11,\""Factor\"":0.19,\""Voltage\"":236,\""Current\"":0.046}}"""
2025-08-20 21:41:35.000 +0200,Pool H32,236.0,0.049,2.0,home/H32/pool/solarpump/tasmota/tele/SENSOR,"""{\""Time\"":\""2025-08-20T21:41:35\"",\""Epoch\"":1755718895,\""ENERGY\"":{\""TotalStartTime\"":\""2025-08-05T13:51:51\"",\""Total\"":42.312,\""Yesterday\"":3.494,\""Today\"":3.276,\""Period\"": 0,\""Power\"": 2,\""ApparentPower\"":12,\""ReactivePower\"":11,\""Factor\"":0.19,\""Voltage\"":236,\""Current\"":0.049}}"""
2025-08-20 21:36:35.000 +0200,Pool H32,237.0,0.055,2.0,home/H32/pool/solarpump/tasmota/tele/SENSOR,"""{\""Time\"":\""2025-08-20T21:36:35\"",\""Epoch\"":1755718595,\""ENERGY\"":{\""TotalStartTime\"":\""2025-08-05T13:51:51\"",\""Total\"":42.311,\""Yesterday\"":3.494,\""Today\"":3.276,\""Period\"": 0,\""Power\"": 2,\""ApparentPower\"":13,\""ReactivePower\"":13,\""Factor\"":0.16,\""Voltage\"":237,\""Current\"":0.055}}"""
2025-08-20 21:31:35.000 +0200,Pool H32,236.0,0.046,2.0,home/H32/pool/solarpump/tasmota/tele/SENSOR,"""{\""Time\"":\""2025-08-20T21:31:35\"",\""Epoch\"":1755718295,\""ENERGY\"":{\""TotalStartTime\"":\""2025-08-05T13:51:51\"",\""Total\"":42.311,\""Yesterday\"":3.494,\""Today\"":3.276,\""Period\"": 0,\""Power\"": 2,\""ApparentPower\"":11,\""ReactivePower\"":11,\""Factor\"":0.19,\""Voltage\"":236,\""Current\"":0.046}}"""
2025-08-20 21:26:35.000 +0200,Pool H32,231.0,0.053,2.0,home/H32/pool/solarpump/tasmota/tele/SENSOR,"""{\""Time\"":\""2025-08-20T21:26:35\"",\""Epoch\"":1755717995,\""ENERGY\"":{\""TotalStartTime\"":\""2025-08-05T13:51:51\"",\""Total\"":42.311,\""Yesterday\"":3.494,\""Today\"":3.276,\""Period\"": 0,\""Power\"": 2,\""ApparentPower\"":12,\""ReactivePower\"":12,\""Factor\"":0.17,\""Voltage\"":231,\""Current\"":0.053}}"""
2025-08-20 21:21:35.000 +0200,Pool H32,234.0,0.053,3.0,home/H32/pool/solarpump/tasmota/tele/SENSOR,"""{\""Time\"":\""2025-08-20T21:21:35\"",\""Epoch\"":1755717695,\""ENERGY\"":{\""TotalStartTime\"":\""2025-08-05T13:51:51\"",\""Total\"":42.311,\""Yesterday\"":3.494,\""Today\"":3.275,\""Period\"": 0,\""Power\"": 3,\""ApparentPower\"":12,\""ReactivePower\"":12,\""Factor\"":0.27,\""Voltage\"":234,\""Current\"":0.053}}"""
2025-08-20 21:16:35.000 +0200,Pool H32,235.0,0.058,3.0,home/H32/pool/solarpump/tasmota/tele/SENSOR,"""{\""Time\"":\""2025-08-20T21:16:35\"",\""Epoch\"":1755717395,\""ENERGY\"":{\""TotalStartTime\"":\""2025-08-05T13:51:51\"",\""Total\"":42.311,\""Yesterday\"":3.494,\""Today\"":3.275,\""Period\"": 0,\""Power\"": 3,\""ApparentPower\"":14,\""ReactivePower\"":13,\""Factor\"":0.25,\""Voltage\"":235,\""Current\"":0.058}}"""
2025-08-20 21:11:35.000 +0200,Pool H32,236.0,0.058,2.0,home/H32/pool/solarpump/tasmota/tele/SENSOR,"""{\""Time\"":\""2025-08-20T21:11:35\"",\""Epoch\"":1755717095,\""ENERGY\"":{\""TotalStartTime\"":\""2025-08-05T13:51:51\"",\""Total\"":42.310,\""Yesterday\"":3.494,\""Today\"":3.275,\""Period\"": 0,\""Power\"": 2,\""ApparentPower\"":14,\""ReactivePower\"":14,\""Factor\"":0.15,\""Voltage\"":236,\""Current\"":0.058}}"""
2025-08-20 21:06:35.000 +0200,Pool H32,235.0,0.048,2.0,home/H32/pool/solarpump/tasmota/tele/SENSOR,"""{\""Time\"":\""2025-08-20T21:06:35\"",\""Epoch\"":1755716795,\""ENERGY\"":{\""TotalStartTime\"":\""2025-08-05T13:51:51\"",\""Total\"":42.310,\""Yesterday\"":3.494,\""Today\"":3.275,\""Period\"": 0,\""Power\"": 2,\""ApparentPower\"":11,\""ReactivePower\"":11,\""Factor\"":0.19,\""Voltage\"":235,\""Current\"":0.048}}"""
2025-08-20 21:01:35.000 +0200,Pool H32,231.0,0.049,2.0,home/H32/pool/solarpump/tasmota/tele/SENSOR,"""{\""Time\"":\""2025-08-20T21:01:35\"",\""Epoch\"":1755716495,\""ENERGY\"":{\""TotalStartTime\"":\""2025-08-05T13:51:51\"",\""Total\"":42.310,\""Yesterday\"":3.494,\""Today\"":3.275,\""Period\"": 0,\""Power\"": 2,\""ApparentPower\"":11,\""ReactivePower\"":11,\""Factor\"":0.18,\""Voltage\"":231,\""Current\"":0.049}}"""
2025-08-20 20:56:35.000 +0200,Pool H32,231.0,0.046,2.0,home/H32/pool/solarpump/tasmota/tele/SENSOR,"""{\""Time\"":\""2025-08-20T20:56:35\"",\""Epoch\"":1755716195,\""ENERGY\"":{\""TotalStartTime\"":\""2025-08-05T13:51:51\"",\""Total\"":42.310,\""Yesterday\"":3.494,\""Today\"":3.274,\""Period\"": 0,\""Power\"": 2,\""ApparentPower\"":11,\""ReactivePower\"":10,\""Factor\"":0.19,\""Voltage\"":231,\""Current\"":0.046}}"""
2025-08-20 20:51:35.000 +0200,Pool H32,231.0,0.049,4.0,home/H32/pool/solarpump/tasmota/tele/SENSOR,"""{\""Time\"":\""2025-08-20T20:51:35\"",\""Epoch\"":1755715895,\""ENERGY\"":{\""TotalStartTime\"":\""2025-08-05T13:51:51\"",\""Total\"":42.310,\""Yesterday\"":3.494,\""Today\"":3.274,\""Period\"": 0,\""Power\"": 4,\""ApparentPower\"":11,\""ReactivePower\"":11,\""Factor\"":0.31,\""Voltage\"":231,\""Current\"":0.049}}"""
2025-08-20 20:46:35.000 +0200,Pool H32,230.0,0.048,2.0,home/H32/pool/solarpump/tasmota/tele/SENSOR,"""{\""Time\"":\""2025-08-20T20:46:35\"",\""Epoch\"":1755715595,\""ENERGY\"":{\""TotalStartTime\"":\""2025-08-05T13:51:51\"",\""Total\"":42.310,\""Yesterday\"":3.494,\""Today\"":3.274,\""Period\"": 0,\""Power\"": 2,\""ApparentPower\"":11,\""ReactivePower\"":11,\""Factor\"":0.18,\""Voltage\"":230,\""Current\"":0.048}}"""
2025-08-20 20:41:35.000 +0200,Pool H32,231.0,0.059,2.0,home/H32/pool/solarpump/tasmota/tele/SENSOR,"""{\""Time\"":\""2025-08-20T20:41:35\"",\""Epoch\"":1755715295,\""ENERGY\"":{\""TotalStartTime\"":\""2025-08-05T13:51:51\"",\""Total\"":42.309,\""Yesterday\"":3.494,\""Today\"":3.274,\""Period\"": 0,\""Power\"": 2,\""ApparentPower\"":14,\""ReactivePower\"":14,\""Factor\"":0.15,\""Voltage\"":231,\""Current\"":0.059}}"""
2025-08-20 20:36:35.000 +0200,Pool H32,231.0,0.052,2.0,home/H32/pool/solarpump/tasmota/tele/SENSOR,"""{\""Time\"":\""2025-08-20T20:36:35\"",\""Epoch\"":1755714995,\""ENERGY\"":{\""TotalStartTime\"":\""2025-08-05T13:51:51\"",\""Total\"":42.309,\""Yesterday\"":3.494,\""Today\"":3.274,\""Period\"": 0,\""Power\"": 2,\""ApparentPower\"":12,\""ReactivePower\"":12,\""Factor\"":0.17,\""Voltage\"":231,\""Current\"":0.052}}"""
2025-08-20 20:31:35.000 +0200,Pool H32,231.0,0.047,2.0,home/H32/pool/solarpump/tasmota/tele/SENSOR,"""{\""Time\"":\""2025-08-20T20:31:35\"",\""Epoch\"":1755714695,\""ENERGY\"":{\""TotalStartTime\"":\""2025-08-05T13:51:51\"",\""Total\"":42.309,\""Yesterday\"":3.494,\""Today\"":3.273,\""Period\"": 0,\""Power\"": 2,\""ApparentPower\"":11,\""ReactivePower\"":11,\""Factor\"":0.18,\""Voltage\"":231,\""Current\"":0.047}}"""
2025-08-20 20:26:35.000 +0200,Pool H32,231.0,0.053,2.0,home/H32/pool/solarpump/tasmota/tele/SENSOR,"""{\""Time\"":\""2025-08-20T20:26:35\"",\""Epoch\"":1755714395,\""ENERGY\"":{\""TotalStartTime\"":\""2025-08-05T13:51:51\"",\""Total\"":42.309,\""Yesterday\"":3.494,\""Today\"":3.273,\""Period\"": 0,\""Power\"": 2,\""ApparentPower\"":12,\""ReactivePower\"":12,\""Factor\"":0.16,\""Voltage\"":231,\""Current\"":0.053}}"""
2025-08-20 20:21:35.000 +0200,Pool H32,233.0,0.048,2.0,home/H32/pool/solarpump/tasmota/tele/SENSOR,"""{\""Time\"":\""2025-08-20T20:21:35\"",\""Epoch\"":1755714095,\""ENERGY\"":{\""TotalStartTime\"":\""2025-08-05T13:51:51\"",\""Total\"":42.309,\""Yesterday\"":3.494,\""Today\"":3.273,\""Period\"": 0,\""Power\"": 2,\""ApparentPower\"":11,\""ReactivePower\"":11,\""Factor\"":0.19,\""Voltage\"":233,\""Current\"":0.048}}"""
2025-08-20 20:16:35.000 +0200,Pool H32,234.0,0.05,2.0,home/H32/pool/solarpump/tasmota/tele/SENSOR,"""{\""Time\"":\""2025-08-20T20:16:35\"",\""Epoch\"":1755713795,\""ENERGY\"":{\""TotalStartTime\"":\""2025-08-05T13:51:51\"",\""Total\"":42.308,\""Yesterday\"":3.494,\""Today\"":3.273,\""Period\"": 0,\""Power\"": 2,\""ApparentPower\"":12,\""ReactivePower\"":12,\""Factor\"":0.18,\""Voltage\"":234,\""Current\"":0.050}}"""
2025-08-20 20:11:35.000 +0200,Pool H32,234.0,0.056,2.0,home/H32/pool/solarpump/tasmota/tele/SENSOR,"""{\""Time\"":\""2025-08-20T20:11:35\"",\""Epoch\"":1755713495,\""ENERGY\"":{\""TotalStartTime\"":\""2025-08-05T13:51:51\"",\""Total\"":42.308,\""Yesterday\"":3.494,\""Today\"":3.273,\""Period\"": 0,\""Power\"": 2,\""ApparentPower\"":13,\""ReactivePower\"":13,\""Factor\"":0.16,\""Voltage\"":234,\""Current\"":0.056}}"""
2025-08-20 20:06:35.000 +0200,Pool H32,235.0,0.077,2.0,home/H32/pool/solarpump/tasmota/tele/SENSOR,"""{\""Time\"":\""2025-08-20T20:06:35\"",\""Epoch\"":1755713195,\""ENERGY\"":{\""TotalStartTime\"":\""2025-08-05T13:51:51\"",\""Total\"":42.308,\""Yesterday\"":3.494,\""Today\"":3.273,\""Period\"": 0,\""Power\"": 2,\""ApparentPower\"":18,\""ReactivePower\"":18,\""Factor\"":0.12,\""Voltage\"":235,\""Current\"":0.077}}"""
2025-08-20 20:01:35.000 +0200,Pool H32,234.0,0.071,2.0,home/H32/pool/solarpump/tasmota/tele/SENSOR,"""{\""Time\"":\""2025-08-20T20:01:35\"",\""Epoch\"":1755712895,\""ENERGY\"":{\""TotalStartTime\"":\""2025-08-05T13:51:51\"",\""Total\"":42.308,\""Yesterday\"":3.494,\""Today\"":3.272,\""Period\"": 0,\""Power\"": 2,\""ApparentPower\"":17,\""ReactivePower\"":17,\""Factor\"":0.12,\""Voltage\"":234,\""Current\"":0.071}}"""
2025-08-20 19:56:35.000 +0200,Pool H32,234.0,0.05,2.0,home/H32/pool/solarpump/tasmota/tele/SENSOR,"""{\""Time\"":\""2025-08-20T19:56:35\"",\""Epoch\"":1755712595,\""ENERGY\"":{\""TotalStartTime\"":\""2025-08-05T13:51:51\"",\""Total\"":42.308,\""Yesterday\"":3.494,\""Today\"":3.272,\""Period\"": 0,\""Power\"": 2,\""ApparentPower\"":12,\""ReactivePower\"":12,\""Factor\"":0.18,\""Voltage\"":234,\""Current\"":0.050}}"""
2025-08-20 19:51:35.000 +0200,Pool H32,236.0,0.051,2.0,home/H32/pool/solarpump/tasmota/tele/SENSOR,"""{\""Time\"":\""2025-08-20T19:51:35\"",\""Epoch\"":1755712295,\""ENERGY\"":{\""TotalStartTime\"":\""2025-08-05T13:51:51\"",\""Total\"":42.307,\""Yesterday\"":3.494,\""Today\"":3.272,\""Period\"": 0,\""Power\"": 2,\""ApparentPower\"":12,\""ReactivePower\"":12,\""Factor\"":0.17,\""Voltage\"":236,\""Current\"":0.051}}"""
2025-08-20 19:46:35.000 +0200,Pool H32,235.0,0.052,2.0,home/H32/pool/solarpump/tasmota/tele/SENSOR,"""{\""Time\"":\""2025-08-20T19:46:35\"",\""Epoch\"":1755711995,\""ENERGY\"":{\""TotalStartTime\"":\""2025-08-05T13:51:51\"",\""Total\"":42.307,\""Yesterday\"":3.494,\""Today\"":3.272,\""Period\"": 0,\""Power\"": 2,\""ApparentPower\"":12,\""ReactivePower\"":12,\""Factor\"":0.17,\""Voltage\"":235,\""Current\"":0.052}}"""
2025-08-20 19:41:35.000 +0200,Pool H32,234.0,0.057,2.0,home/H32/pool/solarpump/tasmota/tele/SENSOR,"""{\""Time\"":\""2025-08-20T19:41:35\"",\""Epoch\"":1755711695,\""ENERGY\"":{\""TotalStartTime\"":\""2025-08-05T13:51:51\"",\""Total\"":42.307,\""Yesterday\"":3.494,\""Today\"":3.272,\""Period\"": 0,\""Power\"": 2,\""ApparentPower\"":13,\""ReactivePower\"":13,\""Factor\"":0.16,\""Voltage\"":234,\""Current\"":0.057}}"""
2025-08-20 19:36:35.000 +0200,Pool H32,231.0,0.054,2.0,home/H32/pool/solarpump/tasmota/tele/SENSOR,"""{\""Time\"":\""2025-08-20T19:36:35\"",\""Epoch\"":1755711395,\""ENERGY\"":{\""TotalStartTime\"":\""2025-08-05T13:51:51\"",\""Total\"":42.307,\""Yesterday\"":3.494,\""Today\"":3.271,\""Period\"": 0,\""Power\"": 2,\""ApparentPower\"":12,\""ReactivePower\"":12,\""Factor\"":0.16,\""Voltage\"":231,\""Current\"":0.054}}"""
2025-08-20 19:31:35.000 +0200,Pool H32,234.0,0.066,2.0,home/H32/pool/solarpump/tasmota/tele/SENSOR,"""{\""Time\"":\""2025-08-20T19:31:35\"",\""Epoch\"":1755711095,\""ENERGY\"":{\""TotalStartTime\"":\""2025-08-05T13:51:51\"",\""Total\"":42.307,\""Yesterday\"":3.494,\""Today\"":3.271,\""Period\"": 0,\""Power\"": 2,\""ApparentPower\"":15,\""ReactivePower\"":15,\""Factor\"":0.13,\""Voltage\"":234,\""Current\"":0.066}}"""
2025-08-20 19:26:35.000 +0200,Pool H32,234.0,0.066,2.0,home/H32/pool/solarpump/tasmota/tele/SENSOR,"""{\""Time\"":\""2025-08-20T19:26:35\"",\""Epoch\"":1755710795,\""ENERGY\"":{\""TotalStartTime\"":\""2025-08-05T13:51:51\"",\""Total\"":42.307,\""Yesterday\"":3.494,\""Today\"":3.271,\""Period\"": 0,\""Power\"": 2,\""ApparentPower\"":15,\""ReactivePower\"":15,\""Factor\"":0.14,\""Voltage\"":234,\""Current\"":0.066}}"""
2025-08-20 19:21:35.000 +0200,Pool H32,235.0,0.057,2.0,home/H32/pool/solarpump/tasmota/tele/SENSOR,"""{\""Time\"":\""2025-08-20T19:21:35\"",\""Epoch\"":1755710495,\""ENERGY\"":{\""TotalStartTime\"":\""2025-08-05T13:51:51\"",\""Total\"":42.306,\""Yesterday\"":3.494,\""Today\"":3.271,\""Period\"": 0,\""Power\"": 2,\""ApparentPower\"":13,\""ReactivePower\"":13,\""Factor\"":0.16,\""Voltage\"":235,\""Current\"":0.057}}"""
2025-08-20 19:16:35.000 +0200,Pool H32,232.0,0.061,2.0,home/H32/pool/solarpump/tasmota/tele/SENSOR,"""{\""Time\"":\""2025-08-20T19:16:35\"",\""Epoch\"":1755710195,\""ENERGY\"":{\""TotalStartTime\"":\""2025-08-05T13:51:51\"",\""Total\"":42.306,\""Yesterday\"":3.494,\""Today\"":3.271,\""Period\"": 0,\""Power\"": 2,\""ApparentPower\"":14,\""ReactivePower\"":14,\""Factor\"":0.15,\""Voltage\"":232,\""Current\"":0.061}}"""
2025-08-20 19:11:35.000 +0200,Pool H32,236.0,0.053,2.0,home/H32/pool/solarpump/tasmota/tele/SENSOR,"""{\""Time\"":\""2025-08-20T19:11:35\"",\""Epoch\"":1755709895,\""ENERGY\"":{\""TotalStartTime\"":\""2025-08-05T13:51:51\"",\""Total\"":42.306,\""Yesterday\"":3.494,\""Today\"":3.270,\""Period\"": 0,\""Power\"": 2,\""ApparentPower\"":13,\""ReactivePower\"":12,\""Factor\"":0.17,\""Voltage\"":236,\""Current\"":0.053}}"""
2025-08-20 19:06:35.000 +0200,Pool H32,232.0,0.051,2.0,home/H32/pool/solarpump/tasmota/tele/SENSOR,"""{\""Time\"":\""2025-08-20T19:06:35\"",\""Epoch\"":1755709595,\""ENERGY\"":{\""TotalStartTime\"":\""2025-08-05T13:51:51\"",\""Total\"":42.306,\""Yesterday\"":3.494,\""Today\"":3.270,\""Period\"": 0,\""Power\"": 2,\""ApparentPower\"":12,\""ReactivePower\"":12,\""Factor\"":0.17,\""Voltage\"":232,\""Current\"":0.051}}"""
2025-08-20 19:01:35.000 +0200,Pool H32,234.0,0.05,2.0,home/H32/pool/solarpump/tasmota/tele/SENSOR,"""{\""Time\"":\""2025-08-20T19:01:35\"",\""Epoch\"":1755709295,\""ENERGY\"":{\""TotalStartTime\"":\""2025-08-05T13:51:51\"",\""Total\"":42.306,\""Yesterday\"":3.494,\""Today\"":3.270,\""Period\"": 0,\""Power\"": 2,\""ApparentPower\"":12,\""ReactivePower\"":12,\""Factor\"":0.17,\""Voltage\"":234,\""Current\"":0.050}}"""
2025-08-20 18:56:35.000 +0200,Pool H32,236.0,0.046,2.0,home/H32/pool/solarpump/tasmota/tele/SENSOR,"""{\""Time\"":\""2025-08-20T18:56:35\"",\""Epoch\"":1755708995,\""ENERGY\"":{\""TotalStartTime\"":\""2025-08-05T13:51:51\"",\""Total\"":42.305,\""Yesterday\"":3.494,\""Today\"":3.270,\""Period\"": 0,\""Power\"": 2,\""ApparentPower\"":11,\""ReactivePower\"":11,\""Factor\"":0.19,\""Voltage\"":236,\""Current\"":0.046}}"""
2025-08-20 18:51:35.000 +0200,Pool H32,237.0,0.061,2.0,home/H32/pool/solarpump/tasmota/tele/SENSOR,"""{\""Time\"":\""2025-08-20T18:51:35\"",\""Epoch\"":1755708695,\""ENERGY\"":{\""TotalStartTime\"":\""2025-08-05T13:51:51\"",\""Total\"":42.305,\""Yesterday\"":3.494,\""Today\"":3.270,\""Period\"": 0,\""Power\"": 2,\""ApparentPower\"":14,\""ReactivePower\"":14,\""Factor\"":0.15,\""Voltage\"":237,\""Current\"":0.061}}"""
2025-08-20 18:46:35.000 +0200,Pool H32,237.0,0.048,2.0,home/H32/pool/solarpump/tasmota/tele/SENSOR,"""{\""Time\"":\""2025-08-20T18:46:35\"",\""Epoch\"":1755708395,\""ENERGY\"":{\""TotalStartTime\"":\""2025-08-05T13:51:51\"",\""Total\"":42.305,\""Yesterday\"":3.494,\""Today\"":3.269,\""Period\"": 0,\""Power\"": 2,\""ApparentPower\"":11,\""ReactivePower\"":11,\""Factor\"":0.18,\""Voltage\"":237,\""Current\"":0.048}}"""
2025-08-20 18:41:35.000 +0200,Pool H32,236.0,0.059,2.0,home/H32/pool/solarpump/tasmota/tele/SENSOR,"""{\""Time\"":\""2025-08-20T18:41:35\"",\""Epoch\"":1755708095,\""ENERGY\"":{\""TotalStartTime\"":\""2025-08-05T13:51:51\"",\""Total\"":42.305,\""Yesterday\"":3.494,\""Today\"":3.269,\""Period\"": 0,\""Power\"": 2,\""ApparentPower\"":14,\""ReactivePower\"":14,\""Factor\"":0.16,\""Voltage\"":236,\""Current\"":0.059}}"""
2025-08-20 18:36:35.000 +0200,Pool H32,235.0,0.069,2.0,home/H32/pool/solarpump/tasmota/tele/SENSOR,"""{\""Time\"":\""2025-08-20T18:36:35\"",\""Epoch\"":1755707795,\""ENERGY\"":{\""TotalStartTime\"":\""2025-08-05T13:51:51\"",\""Total\"":42.305,\""Yesterday\"":3.494,\""Today\"":3.269,\""Period\"": 0,\""Power\"": 2,\""ApparentPower\"":16,\""ReactivePower\"":16,\""Factor\"":0.13,\""Voltage\"":235,\""Current\"":0.069}}"""
2025-08-20 18:31:35.000 +0200,Pool H32,232.0,0.061,2.0,home/H32/pool/solarpump/tasmota/tele/SENSOR,"""{\""Time\"":\""2025-08-20T18:31:35\"",\""Epoch\"":1755707495,\""ENERGY\"":{\""TotalStartTime\"":\""2025-08-05T13:51:51\"",\""Total\"":42.304,\""Yesterday\"":3.494,\""Today\"":3.269,\""Period\"": 0,\""Power\"": 2,\""ApparentPower\"":14,\""ReactivePower\"":14,\""Factor\"":0.15,\""Voltage\"":232,\""Current\"":0.061}}"""
2025-08-20 18:26:35.000 +0200,Pool H32,233.0,0.061,2.0,home/H32/pool/solarpump/tasmota/tele/SENSOR,"""{\""Time\"":\""2025-08-20T18:26:35\"",\""Epoch\"":1755707195,\""ENERGY\"":{\""TotalStartTime\"":\""2025-08-05T13:51:51\"",\""Total\"":42.304,\""Yesterday\"":3.494,\""Today\"":3.269,\""Period\"": 0,\""Power\"": 2,\""ApparentPower\"":14,\""ReactivePower\"":14,\""Factor\"":0.15,\""Voltage\"":233,\""Current\"":0.061}}"""
2025-08-20 18:21:35.000 +0200,Pool H32,233.0,0.053,2.0,home/H32/pool/solarpump/tasmota/tele/SENSOR,"""{\""Time\"":\""2025-08-20T18:21:35\"",\""Epoch\"":1755706895,\""ENERGY\"":{\""TotalStartTime\"":\""2025-08-05T13:51:51\"",\""Total\"":42.304,\""Yesterday\"":3.494,\""Today\"":3.269,\""Period\"": 0,\""Power\"": 2,\""ApparentPower\"":12,\""ReactivePower\"":12,\""Factor\"":0.17,\""Voltage\"":233,\""Current\"":0.053}}"""
2025-08-20 18:16:35.000 +0200,Pool H32,232.0,0.067,2.0,home/H32/pool/solarpump/tasmota/tele/SENSOR,"""{\""Time\"":\""2025-08-20T18:16:35\"",\""Epoch\"":1755706595,\""ENERGY\"":{\""TotalStartTime\"":\""2025-08-05T13:51:51\"",\""Total\"":42.304,\""Yesterday\"":3.494,\""Today\"":3.268,\""Period\"": 0,\""Power\"": 2,\""ApparentPower\"":16,\""ReactivePower\"":15,\""Factor\"":0.15,\""Voltage\"":232,\""Current\"":0.067}}"""
2025-08-20 18:11:35.000 +0200,Pool H32,232.0,0.053,2.0,home/H32/pool/solarpump/tasmota/tele/SENSOR,"""{\""Time\"":\""2025-08-20T18:11:35\"",\""Epoch\"":1755706295,\""ENERGY\"":{\""TotalStartTime\"":\""2025-08-05T13:51:51\"",\""Total\"":42.304,\""Yesterday\"":3.494,\""Today\"":3.268,\""Period\"": 0,\""Power\"": 2,\""ApparentPower\"":12,\""ReactivePower\"":12,\""Factor\"":0.17,\""Voltage\"":232,\""Current\"":0.053}}"""
2025-08-20 18:06:35.000 +0200,Pool H32,234.0,0.067,2.0,home/H32/pool/solarpump/tasmota/tele/SENSOR,"""{\""Time\"":\""2025-08-20T18:06:35\"",\""Epoch\"":1755705995,\""ENERGY\"":{\""TotalStartTime\"":\""2025-08-05T13:51:51\"",\""Total\"":42.304,\""Yesterday\"":3.494,\""Today\"":3.268,\""Period\"": 0,\""Power\"": 2,\""ApparentPower\"":16,\""ReactivePower\"":16,\""Factor\"":0.14,\""Voltage\"":234,\""Current\"":0.067}}"""
2025-08-20 18:01:35.000 +0200,Pool H32,235.0,0.051,2.0,home/H32/pool/solarpump/tasmota/tele/SENSOR,"""{\""Time\"":\""2025-08-20T18:01:35\"",\""Epoch\"":1755705695,\""ENERGY\"":{\""TotalStartTime\"":\""2025-08-05T13:51:51\"",\""Total\"":42.303,\""Yesterday\"":3.494,\""Today\"":3.268,\""Period\"": 0,\""Power\"": 2,\""ApparentPower\"":12,\""ReactivePower\"":12,\""Factor\"":0.17,\""Voltage\"":235,\""Current\"":0.051}}"""
2025-08-20 17:56:35.000 +0200,Pool H32,234.0,0.053,2.0,home/H32/pool/solarpump/tasmota/tele/SENSOR,"""{\""Time\"":\""2025-08-20T17:56:35\"",\""Epoch\"":1755705395,\""ENERGY\"":{\""TotalStartTime\"":\""2025-08-05T13:51:51\"",\""Total\"":42.303,\""Yesterday\"":3.494,\""Today\"":3.268,\""Period\"": 0,\""Power\"": 2,\""ApparentPower\"":12,\""ReactivePower\"":12,\""Factor\"":0.17,\""Voltage\"":234,\""Current\"":0.053}}"""
2025-08-20 17:51:35.000 +0200,Pool H32,239.0,0.056,2.0,home/H32/pool/solarpump/tasmota/tele/SENSOR,"""{\""Time\"":\""2025-08-20T17:51:35\"",\""Epoch\"":1755705095,\""ENERGY\"":{\""TotalStartTime\"":\""2025-08-05T13:51:51\"",\""Total\"":42.303,\""Yesterday\"":3.494,\""Today\"":3.267,\""Period\"": 0,\""Power\"": 2,\""ApparentPower\"":13,\""ReactivePower\"":13,\""Factor\"":0.18,\""Voltage\"":239,\""Current\"":0.056}}"""
2025-08-20 17:46:35.000 +0200,Pool H32,235.0,0.057,2.0,home/H32/pool/solarpump/tasmota/tele/SENSOR,"""{\""Time\"":\""2025-08-20T17:46:35\"",\""Epoch\"":1755704795,\""ENERGY\"":{\""TotalStartTime\"":\""2025-08-05T13:51:51\"",\""Total\"":42.303,\""Yesterday\"":3.494,\""Today\"":3.267,\""Period\"": 0,\""Power\"": 2,\""ApparentPower\"":13,\""ReactivePower\"":13,\""Factor\"":0.16,\""Voltage\"":235,\""Current\"":0.057}}"""
2025-08-20 17:41:35.000 +0200,Pool H32,232.0,0.052,2.0,home/H32/pool/solarpump/tasmota/tele/SENSOR,"""{\""Time\"":\""2025-08-20T17:41:35\"",\""Epoch\"":1755704495,\""ENERGY\"":{\""TotalStartTime\"":\""2025-08-05T13:51:51\"",\""Total\"":42.303,\""Yesterday\"":3.494,\""Today\"":3.267,\""Period\"":23,\""Power\"": 2,\""ApparentPower\"":12,\""ReactivePower\"":12,\""Factor\"":0.17,\""Voltage\"":232,\""Current\"":0.052}}"""
2025-08-20 17:36:35.000 +0200,Pool H32,234.0,2.422,438.0,home/H32/pool/solarpump/tasmota/tele/SENSOR,"""{\""Time\"":\""2025-08-20T17:36:35\"",\""Epoch\"":1755704195,\""ENERGY\"":{\""TotalStartTime\"":\""2025-08-05T13:51:51\"",\""Total\"":42.280,\""Yesterday\"":3.494,\""Today\"":3.244,\""Period\"":36,\""Power\"":438,\""ApparentPower\"":568,\""ReactivePower\"":362,\""Factor\"":0.77,\""Voltage\"":234,\""Current\"":2.422}}"""
2025-08-20 17:31:35.000 +0200,Pool H32,234.0,2.418,433.0,home/H32/pool/solarpump/tasmota/tele/SENSOR,"""{\""Time\"":\""2025-08-20T17:31:35\"",\""Epoch\"":1755703895,\""ENERGY\"":{\""TotalStartTime\"":\""2025-08-05T13:51:51\"",\""Total\"":42.243,\""Yesterday\"":3.494,\""Today\"":3.208,\""Period\"": 5,\""Power\"":433,\""ApparentPower\"":565,\""ReactivePower\"":363,\""Factor\"":0.77,\""Voltage\"":234,\""Current\"":2.418}}"""
2025-08-20 17:26:35.000 +0200,Pool H32,236.0,0.056,2.0,home/H32/pool/solarpump/tasmota/tele/SENSOR,"""{\""Time\"":\""2025-08-20T17:26:35\"",\""Epoch\"":1755703595,\""ENERGY\"":{\""TotalStartTime\"":\""2025-08-05T13:51:51\"",\""Total\"":42.239,\""Yesterday\"":3.494,\""Today\"":3.203,\""Period\"":10,\""Power\"": 2,\""ApparentPower\"":13,\""ReactivePower\"":13,\""Factor\"":0.17,\""Voltage\"":236,\""Current\"":0.056}}"""
2025-08-20 17:21:35.000 +0200,Pool H32,231.0,2.337,425.0,home/H32/pool/solarpump/tasmota/tele/SENSOR,"""{\""Time\"":\""2025-08-20T17:21:35\"",\""Epoch\"":1755703295,\""ENERGY\"":{\""TotalStartTime\"":\""2025-08-05T13:51:51\"",\""Total\"":42.228,\""Yesterday\"":3.494,\""Today\"":3.193,\""Period\"":35,\""Power\"":425,\""ApparentPower\"":541,\""ReactivePower\"":334,\""Factor\"":0.79,\""Voltage\"":231,\""Current\"":2.337}}"""
2025-08-20 17:16:35.000 +0200,Pool H32,232.0,2.374,429.0,home/H32/pool/solarpump/tasmota/tele/SENSOR,"""{\""Time\"":\""2025-08-20T17:16:35\"",\""Epoch\"":1755702995,\""ENERGY\"":{\""TotalStartTime\"":\""2025-08-05T13:51:51\"",\""Total\"":42.193,\""Yesterday\"":3.494,\""Today\"":3.157,\""Period\"":36,\""Power\"":429,\""ApparentPower\"":550,\""ReactivePower\"":344,\""Factor\"":0.78,\""Voltage\"":232,\""Current\"":2.374}}"""
2025-08-20 17:11:35.000 +0200,Pool H32,232.0,2.353,427.0,home/H32/pool/solarpump/tasmota/tele/SENSOR,"""{\""Time\"":\""2025-08-20T17:11:35\"",\""Epoch\"":1755702695,\""ENERGY\"":{\""TotalStartTime\"":\""2025-08-05T13:51:51\"",\""Total\"":42.157,\""Yesterday\"":3.494,\""Today\"":3.122,\""Period\"":36,\""Power\"":427,\""ApparentPower\"":546,\""ReactivePower\"":341,\""Factor\"":0.78,\""Voltage\"":232,\""Current\"":2.353}}"""
2025-08-20 17:06:35.000 +0200,Pool H32,232.0,2.367,428.0,home/H32/pool/solarpump/tasmota/tele/SENSOR,"""{\""Time\"":\""2025-08-20T17:06:35\"",\""Epoch\"":1755702395,\""ENERGY\"":{\""TotalStartTime\"":\""2025-08-05T13:51:51\"",\""Total\"":42.122,\""Yesterday\"":3.494,\""Today\"":3.086,\""Period\"":36,\""Power\"":428,\""ApparentPower\"":550,\""ReactivePower\"":345,\""Factor\"":0.78,\""Voltage\"":232,\""Current\"":2.367}}"""
2025-08-20 17:01:35.000 +0200,Pool H32,234.0,2.399,434.0,home/H32/pool/solarpump/tasmota/tele/SENSOR,"""{\""Time\"":\""2025-08-20T17:01:35\"",\""Epoch\"":1755702095,\""ENERGY\"":{\""TotalStartTime\"":\""2025-08-05T13:51:51\"",\""Total\"":42.085,\""Yesterday\"":3.494,\""Today\"":3.050,\""Period\"":36,\""Power\"":434,\""ApparentPower\"":561,\""ReactivePower\"":356,\""Factor\"":0.77,\""Voltage\"":234,\""Current\"":2.399}}"""
2025-08-20 16:56:35.000 +0200,Pool H32,234.0,2.408,434.0,home/H32/pool/solarpump/tasmota/tele/SENSOR,"""{\""Time\"":\""2025-08-20T16:56:35\"",\""Epoch\"":1755701795,\""ENERGY\"":{\""TotalStartTime\"":\""2025-08-05T13:51:51\"",\""Total\"":42.049,\""Yesterday\"":3.494,\""Today\"":3.014,\""Period\"":36,\""Power\"":434,\""ApparentPower\"":564,\""ReactivePower\"":361,\""Factor\"":0.77,\""Voltage\"":234,\""Current\"":2.408}}"""
2025-08-20 16:51:35.000 +0200,Pool H32,234.0,2.399,433.0,home/H32/pool/solarpump/tasmota/tele/SENSOR,"""{\""Time\"":\""2025-08-20T16:51:35\"",\""Epoch\"":1755701495,\""ENERGY\"":{\""TotalStartTime\"":\""2025-08-05T13:51:51\"",\""Total\"":42.013,\""Yesterday\"":3.494,\""Today\"":2.978,\""Period\"":36,\""Power\"":433,\""ApparentPower\"":561,\""ReactivePower\"":358,\""Factor\"":0.77,\""Voltage\"":234,\""Current\"":2.399}}"""
2025-08-20 16:46:35.000 +0200,Pool H32,234.0,2.41,434.0,home/H32/pool/solarpump/tasmota/tele/SENSOR,"""{\""Time\"":\""2025-08-20T16:46:35\"",\""Epoch\"":1755701195,\""ENERGY\"":{\""TotalStartTime\"":\""2025-08-05T13:51:51\"",\""Total\"":41.977,\""Yesterday\"":3.494,\""Today\"":2.942,\""Period\"":36,\""Power\"":434,\""ApparentPower\"":565,\""ReactivePower\"":361,\""Factor\"":0.77,\""Voltage\"":234,\""Current\"":2.410}}"""
2025-08-20 16:41:35.000 +0200,Pool H32,231.0,2.347,426.0,home/H32/pool/solarpump/tasmota/tele/SENSOR,"""{\""Time\"":\""2025-08-20T16:41:35\"",\""Epoch\"":1755700895,\""ENERGY\"":{\""TotalStartTime\"":\""2025-08-05T13:51:51\"",\""Total\"":41.941,\""Yesterday\"":3.494,\""Today\"":2.906,\""Period\"":36,\""Power\"":426,\""ApparentPower\"":543,\""ReactivePower\"":337,\""Factor\"":0.78,\""Voltage\"":231,\""Current\"":2.347}}"""
2025-08-20 16:36:35.000 +0200,Pool H32,232.0,2.4,433.0,home/H32/pool/solarpump/tasmota/tele/SENSOR,"""{\""Time\"":\""2025-08-20T16:36:35\"",\""Epoch\"":1755700595,\""ENERGY\"":{\""TotalStartTime\"":\""2025-08-05T13:51:51\"",\""Total\"":41.905,\""Yesterday\"":3.494,\""Today\"":2.870,\""Period\"":36,\""Power\"":433,\""ApparentPower\"":557,\""ReactivePower\"":351,\""Factor\"":0.78,\""Voltage\"":232,\""Current\"":2.400}}"""
2025-08-20 16:31:35.000 +0200,Pool H32,233.0,2.377,430.0,home/H32/pool/solarpump/tasmota/tele/SENSOR,"""{\""Time\"":\""2025-08-20T16:31:35\"",\""Epoch\"":1755700295,\""ENERGY\"":{\""TotalStartTime\"":\""2025-08-05T13:51:51\"",\""Total\"":41.869,\""Yesterday\"":3.494,\""Today\"":2.834,\""Period\"":36,\""Power\"":430,\""ApparentPower\"":554,\""ReactivePower\"":350,\""Factor\"":0.78,\""Voltage\"":233,\""Current\"":2.377}}"""
2025-08-20 16:26:35.000 +0200,Pool H32,232.0,2.371,429.0,home/H32/pool/solarpump/tasmota/tele/SENSOR,"""{\""Time\"":\""2025-08-20T16:26:35\"",\""Epoch\"":1755699995,\""ENERGY\"":{\""TotalStartTime\"":\""2025-08-05T13:51:51\"",\""Total\"":41.833,\""Yesterday\"":3.494,\""Today\"":2.798,\""Period\"":36,\""Power\"":429,\""ApparentPower\"":551,\""ReactivePower\"":345,\""Factor\"":0.78,\""Voltage\"":232,\""Current\"":2.371}}"""
2025-08-20 16:21:35.000 +0200,Pool H32,233.0,2.411,434.0,home/H32/pool/solarpump/tasmota/tele/SENSOR,"""{\""Time\"":\""2025-08-20T16:21:35\"",\""Epoch\"":1755699695,\""ENERGY\"":{\""TotalStartTime\"":\""2025-08-05T13:51:51\"",\""Total\"":41.798,\""Yesterday\"":3.494,\""Today\"":2.762,\""Period\"":36,\""Power\"":434,\""ApparentPower\"":562,\""ReactivePower\"":357,\""Factor\"":0.77,\""Voltage\"":233,\""Current\"":2.411}}"""
2025-08-20 16:16:35.000 +0200,Pool H32,231.0,2.345,426.0,home/H32/pool/solarpump/tasmota/tele/SENSOR,"""{\""Time\"":\""2025-08-20T16:16:35\"",\""Epoch\"":1755699395,\""ENERGY\"":{\""TotalStartTime\"":\""2025-08-05T13:51:51\"",\""Total\"":41.762,\""Yesterday\"":3.494,\""Today\"":2.726,\""Period\"":36,\""Power\"":426,\""ApparentPower\"":542,\""ReactivePower\"":335,\""Factor\"":0.79,\""Voltage\"":231,\""Current\"":2.345}}"""
2025-08-20 16:11:35.000 +0200,Pool H32,233.0,2.378,430.0,home/H32/pool/solarpump/tasmota/tele/SENSOR,"""{\""Time\"":\""2025-08-20T16:11:35\"",\""Epoch\"":1755699095,\""ENERGY\"":{\""TotalStartTime\"":\""2025-08-05T13:51:51\"",\""Total\"":41.726,\""Yesterday\"":3.494,\""Today\"":2.690,\""Period\"":36,\""Power\"":430,\""ApparentPower\"":554,\""ReactivePower\"":350,\""Factor\"":0.78,\""Voltage\"":233,\""Current\"":2.378}}"""
2025-08-20 16:06:35.000 +0200,Pool H32,234.0,2.374,430.0,home/H32/pool/solarpump/tasmota/tele/SENSOR,"""{\""Time\"":\""2025-08-20T16:06:35\"",\""Epoch\"":1755698795,\""ENERGY\"":{\""TotalStartTime\"":\""2025-08-05T13:51:51\"",\""Total\"":41.690,\""Yesterday\"":3.494,\""Today\"":2.654,\""Period\"":36,\""Power\"":430,\""ApparentPower\"":554,\""ReactivePower\"":350,\""Factor\"":0.77,\""Voltage\"":234,\""Current\"":2.374}}"""
2025-08-20 16:01:35.000 +0200,Pool H32,234.0,2.402,434.0,home/H32/pool/solarpump/tasmota/tele/SENSOR,"""{\""Time\"":\""2025-08-20T16:01:35\"",\""Epoch\"":1755698495,\""ENERGY\"":{\""TotalStartTime\"":\""2025-08-05T13:51:51\"",\""Total\"":41.654,\""Yesterday\"":3.494,\""Today\"":2.618,\""Period\"":36,\""Power\"":434,\""ApparentPower\"":563,\""ReactivePower\"":359,\""Factor\"":0.77,\""Voltage\"":234,\""Current\"":2.402}}"""
2025-08-20 15:56:35.000 +0200,Pool H32,234.0,2.402,433.0,home/H32/pool/solarpump/tasmota/tele/SENSOR,"""{\""Time\"":\""2025-08-20T15:56:35\"",\""Epoch\"":1755698195,\""ENERGY\"":{\""TotalStartTime\"":\""2025-08-05T13:51:51\"",\""Total\"":41.617,\""Yesterday\"":3.494,\""Today\"":2.582,\""Period\"":37,\""Power\"":433,\""ApparentPower\"":562,\""ReactivePower\"":359,\""Factor\"":0.77,\""Voltage\"":234,\""Current\"":2.402}}"""
2025-08-20 15:51:35.000 +0200,Pool H32,236.0,2.478,442.0,home/H32/pool/solarpump/tasmota/tele/SENSOR,"""{\""Time\"":\""2025-08-20T15:51:35\"",\""Epoch\"":1755697895,\""ENERGY\"":{\""TotalStartTime\"":\""2025-08-05T13:51:51\"",\""Total\"":41.581,\""Yesterday\"":3.494,\""Today\"":2.545,\""Period\"":37,\""Power\"":442,\""ApparentPower\"":585,\""ReactivePower\"":384,\""Factor\"":0.76,\""Voltage\"":236,\""Current\"":2.478}}"""
2025-08-20 15:46:35.000 +0200,Pool H32,237.0,2.471,443.0,home/H32/pool/solarpump/tasmota/tele/SENSOR,"""{\""Time\"":\""2025-08-20T15:46:35\"",\""Epoch\"":1755697595,\""ENERGY\"":{\""TotalStartTime\"":\""2025-08-05T13:51:51\"",\""Total\"":41.544,\""Yesterday\"":3.494,\""Today\"":2.508,\""Period\"":37,\""Power\"":443,\""ApparentPower\"":586,\""ReactivePower\"":384,\""Factor\"":0.76,\""Voltage\"":237,\""Current\"":2.471}}"""
2025-08-20 15:41:35.000 +0200,Pool H32,236.0,2.439,437.0,home/H32/pool/solarpump/tasmota/tele/SENSOR,"""{\""Time\"":\""2025-08-20T15:41:35\"",\""Epoch\"":1755697295,\""ENERGY\"":{\""TotalStartTime\"":\""2025-08-05T13:51:51\"",\""Total\"":41.507,\""Yesterday\"":3.494,\""Today\"":2.472,\""Period\"":36,\""Power\"":437,\""ApparentPower\"":575,\""ReactivePower\"":373,\""Factor\"":0.76,\""Voltage\"":236,\""Current\"":2.439}}"""
2025-08-20 15:36:35.000 +0200,Pool H32,235.0,2.437,437.0,home/H32/pool/solarpump/tasmota/tele/SENSOR,"""{\""Time\"":\""2025-08-20T15:36:35\"",\""Epoch\"":1755696995,\""ENERGY\"":{\""TotalStartTime\"":\""2025-08-05T13:51:51\"",\""Total\"":41.471,\""Yesterday\"":3.494,\""Today\"":2.436,\""Period\"":36,\""Power\"":437,\""ApparentPower\"":573,\""ReactivePower\"":372,\""Factor\"":0.76,\""Voltage\"":235,\""Current\"":2.437}}"""
2025-08-20 15:31:35.000 +0200,Pool H32,235.0,2.407,437.0,home/H32/pool/solarpump/tasmota/tele/SENSOR,"""{\""Time\"":\""2025-08-20T15:31:35\"",\""Epoch\"":1755696695,\""ENERGY\"":{\""TotalStartTime\"":\""2025-08-05T13:51:51\"",\""Total\"":41.435,\""Yesterday\"":3.494,\""Today\"":2.399,\""Period\"":36,\""Power\"":437,\""ApparentPower\"":566,\""ReactivePower\"":361,\""Factor\"":0.77,\""Voltage\"":235,\""Current\"":2.407}}"""
2025-08-20 15:26:35.000 +0200,Pool H32,236.0,2.431,437.0,home/H32/pool/solarpump/tasmota/tele/SENSOR,"""{\""Time\"":\""2025-08-20T15:26:35\"",\""Epoch\"":1755696395,\""ENERGY\"":{\""TotalStartTime\"":\""2025-08-05T13:51:51\"",\""Total\"":41.398,\""Yesterday\"":3.494,\""Today\"":2.363,\""Period\"":37,\""Power\"":437,\""ApparentPower\"":573,\""ReactivePower\"":371,\""Factor\"":0.76,\""Voltage\"":236,\""Current\"":2.431}}"""
2025-08-20 15:21:35.000 +0200,Pool H32,237.0,2.459,440.0,home/H32/pool/solarpump/tasmota/tele/SENSOR,"""{\""Time\"":\""2025-08-20T15:21:35\"",\""Epoch\"":1755696095,\""ENERGY\"":{\""TotalStartTime\"":\""2025-08-05T13:51:51\"",\""Total\"":41.362,\""Yesterday\"":3.494,\""Today\"":2.326,\""Period\"":37,\""Power\"":440,\""ApparentPower\"":582,\""ReactivePower\"":381,\""Factor\"":0.76,\""Voltage\"":237,\""Current\"":2.459}}"""
2025-08-20 15:16:35.000 +0200,Pool H32,237.0,2.46,439.0,home/H32/pool/solarpump/tasmota/tele/SENSOR,"""{\""Time\"":\""2025-08-20T15:16:35\"",\""Epoch\"":1755695795,\""ENERGY\"":{\""TotalStartTime\"":\""2025-08-05T13:51:51\"",\""Total\"":41.325,\""Yesterday\"":3.494,\""Today\"":2.290,\""Period\"":37,\""Power\"":439,\""ApparentPower\"":582,\""ReactivePower\"":382,\""Factor\"":0.75,\""Voltage\"":237,\""Current\"":2.460}}"""
2025-08-20 15:11:35.000 +0200,Pool H32,237.0,2.455,440.0,home/H32/pool/solarpump/tasmota/tele/SENSOR,"""{\""Time\"":\""2025-08-20T15:11:35\"",\""Epoch\"":1755695495,\""ENERGY\"":{\""TotalStartTime\"":\""2025-08-05T13:51:51\"",\""Total\"":41.289,\""Yesterday\"":3.494,\""Today\"":2.253,\""Period\"":37,\""Power\"":440,\""ApparentPower\"":582,\""ReactivePower\"":381,\""Factor\"":0.76,\""Voltage\"":237,\""Current\"":2.455}}"""
2025-08-20 15:06:35.000 +0200,Pool H32,238.0,2.467,442.0,home/H32/pool/solarpump/tasmota/tele/SENSOR,"""{\""Time\"":\""2025-08-20T15:06:35\"",\""Epoch\"":1755695195,\""ENERGY\"":{\""TotalStartTime\"":\""2025-08-05T13:51:51\"",\""Total\"":41.252,\""Yesterday\"":3.494,\""Today\"":2.217,\""Period\"":37,\""Power\"":442,\""ApparentPower\"":586,\""ReactivePower\"":385,\""Factor\"":0.75,\""Voltage\"":238,\""Current\"":2.467}}"""
2025-08-20 15:01:35.000 +0200,Pool H32,240.0,2.529,449.0,home/H32/pool/solarpump/tasmota/tele/SENSOR,"""{\""Time\"":\""2025-08-20T15:01:35\"",\""Epoch\"":1755694895,\""ENERGY\"":{\""TotalStartTime\"":\""2025-08-05T13:51:51\"",\""Total\"":41.215,\""Yesterday\"":3.494,\""Today\"":2.180,\""Period\"":37,\""Power\"":449,\""ApparentPower\"":606,\""ReactivePower\"":406,\""Factor\"":0.74,\""Voltage\"":240,\""Current\"":2.529}}"""
2025-08-20 14:56:35.000 +0200,Pool H32,236.0,2.443,438.0,home/H32/pool/solarpump/tasmota/tele/SENSOR,"""{\""Time\"":\""2025-08-20T14:56:35\"",\""Epoch\"":1755694595,\""ENERGY\"":{\""TotalStartTime\"":\""2025-08-05T13:51:51\"",\""Total\"":41.178,\""Yesterday\"":3.494,\""Today\"":2.143,\""Period\"":37,\""Power\"":438,\""ApparentPower\"":577,\""ReactivePower\"":376,\""Factor\"":0.76,\""Voltage\"":236,\""Current\"":2.443}}"""
2025-08-20 14:51:35.000 +0200,Pool H32,236.0,2.442,438.0,home/H32/pool/solarpump/tasmota/tele/SENSOR,"""{\""Time\"":\""2025-08-20T14:51:35\"",\""Epoch\"":1755694295,\""ENERGY\"":{\""TotalStartTime\"":\""2025-08-05T13:51:51\"",\""Total\"":41.141,\""Yesterday\"":3.494,\""Today\"":2.106,\""Period\"":37,\""Power\"":438,\""ApparentPower\"":577,\""ReactivePower\"":376,\""Factor\"":0.76,\""Voltage\"":236,\""Current\"":2.442}}"""
2025-08-20 14:46:35.000 +0200,Pool H32,238.0,2.467,442.0,home/H32/pool/solarpump/tasmota/tele/SENSOR,"""{\""Time\"":\""2025-08-20T14:46:35\"",\""Epoch\"":1755693995,\""ENERGY\"":{\""TotalStartTime\"":\""2025-08-05T13:51:51\"",\""Total\"":41.105,\""Yesterday\"":3.494,\""Today\"":2.069,\""Period\"":38,\""Power\"":442,\""ApparentPower\"":587,\""ReactivePower\"":387,\""Factor\"":0.75,\""Voltage\"":238,\""Current\"":2.467}}"""
2025-08-20 14:41:35.000 +0200,Pool H32,242.0,2.584,456.0,home/H32/pool/solarpump/tasmota/tele/SENSOR,"""{\""Time\"":\""2025-08-20T14:41:35\"",\""Epoch\"":1755693695,\""ENERGY\"":{\""TotalStartTime\"":\""2025-08-05T13:51:51\"",\""Total\"":41.067,\""Yesterday\"":3.494,\""Today\"":2.032,\""Period\"":38,\""Power\"":456,\""ApparentPower\"":626,\""ReactivePower\"":429,\""Factor\"":0.73,\""Voltage\"":242,\""Current\"":2.584}}"""
2025-08-20 14:36:35.000 +0200,Pool H32,241.0,2.587,454.0,home/H32/pool/solarpump/tasmota/tele/SENSOR,"""{\""Time\"":\""2025-08-20T14:36:35\"",\""Epoch\"":1755693395,\""ENERGY\"":{\""TotalStartTime\"":\""2025-08-05T13:51:51\"",\""Total\"":41.029,\""Yesterday\"":3.494,\""Today\"":1.994,\""Period\"":38,\""Power\"":454,\""ApparentPower\"":624,\""ReactivePower\"":428,\""Factor\"":0.73,\""Voltage\"":241,\""Current\"":2.587}}"""
2025-08-20 14:31:35.000 +0200,Pool H32,240.0,2.543,452.0,home/H32/pool/solarpump/tasmota/tele/SENSOR,"""{\""Time\"":\""2025-08-20T14:31:35\"",\""Epoch\"":1755693095,\""ENERGY\"":{\""TotalStartTime\"":\""2025-08-05T13:51:51\"",\""Total\"":40.992,\""Yesterday\"":3.494,\""Today\"":1.956,\""Period\"":38,\""Power\"":452,\""ApparentPower\"":611,\""ReactivePower\"":412,\""Factor\"":0.74,\""Voltage\"":240,\""Current\"":2.543}}"""
2025-08-20 14:26:35.000 +0200,Pool H32,242.0,2.604,459.0,home/H32/pool/solarpump/tasmota/tele/SENSOR,"""{\""Time\"":\""2025-08-20T14:26:35\"",\""Epoch\"":1755692795,\""ENERGY\"":{\""TotalStartTime\"":\""2025-08-05T13:51:51\"",\""Total\"":40.954,\""Yesterday\"":3.494,\""Today\"":1.918,\""Period\"":38,\""Power\"":459,\""ApparentPower\"":630,\""ReactivePower\"":431,\""Factor\"":0.73,\""Voltage\"":242,\""Current\"":2.604}}"""
2025-08-20 14:21:35.000 +0200,Pool H32,241.0,2.567,454.0,home/H32/pool/solarpump/tasmota/tele/SENSOR,"""{\""Time\"":\""2025-08-20T14:21:35\"",\""Epoch\"":1755692495,\""ENERGY\"":{\""TotalStartTime\"":\""2025-08-05T13:51:51\"",\""Total\"":40.916,\""Yesterday\"":3.494,\""Today\"":1.881,\""Period\"":38,\""Power\"":454,\""ApparentPower\"":618,\""ReactivePower\"":420,\""Factor\"":0.73,\""Voltage\"":241,\""Current\"":2.567}}"""
2025-08-20 14:16:35.000 +0200,Pool H32,239.0,2.505,447.0,home/H32/pool/solarpump/tasmota/tele/SENSOR,"""{\""Time\"":\""2025-08-20T14:16:35\"",\""Epoch\"":1755692195,\""ENERGY\"":{\""TotalStartTime\"":\""2025-08-05T13:51:51\"",\""Total\"":40.879,\""Yesterday\"":3.494,\""Today\"":1.843,\""Period\"":38,\""Power\"":447,\""ApparentPower\"":598,\""ReactivePower\"":399,\""Factor\"":0.75,\""Voltage\"":239,\""Current\"":2.505}}"""
2025-08-20 14:11:35.000 +0200,Pool H32,241.0,2.558,453.0,home/H32/pool/solarpump/tasmota/tele/SENSOR,"""{\""Time\"":\""2025-08-20T14:11:35\"",\""Epoch\"":1755691895,\""ENERGY\"":{\""TotalStartTime\"":\""2025-08-05T13:51:51\"",\""Total\"":40.841,\""Yesterday\"":3.494,\""Today\"":1.806,\""Period\"":38,\""Power\"":453,\""ApparentPower\"":617,\""ReactivePower\"":419,\""Factor\"":0.73,\""Voltage\"":241,\""Current\"":2.558}}"""
2025-08-20 14:06:35.000 +0200,Pool H32,242.0,2.586,456.0,home/H32/pool/solarpump/tasmota/tele/SENSOR,"""{\""Time\"":\""2025-08-20T14:06:35\"",\""Epoch\"":1755691595,\""ENERGY\"":{\""TotalStartTime\"":\""2025-08-05T13:51:51\"",\""Total\"":40.803,\""Yesterday\"":3.494,\""Today\"":1.768,\""Period\"":38,\""Power\"":456,\""ApparentPower\"":625,\""ReactivePower\"":428,\""Factor\"":0.73,\""Voltage\"":242,\""Current\"":2.586}}"""
2025-08-20 14:01:35.000 +0200,Pool H32,243.0,2.62,460.0,home/H32/pool/solarpump/tasmota/tele/SENSOR,"""{\""Time\"":\""2025-08-20T14:01:35\"",\""Epoch\"":1755691295,\""ENERGY\"":{\""TotalStartTime\"":\""2025-08-05T13:51:51\"",\""Total\"":40.765,\""Yesterday\"":3.494,\""Today\"":1.730,\""Period\"":38,\""Power\"":460,\""ApparentPower\"":637,\""ReactivePower\"":441,\""Factor\"":0.72,\""Voltage\"":243,\""Current\"":2.620}}"""
2025-08-20 13:56:35.000 +0200,Pool H32,240.0,2.539,451.0,home/H32/pool/solarpump/tasmota/tele/SENSOR,"""{\""Time\"":\""2025-08-20T13:56:35\"",\""Epoch\"":1755690995,\""ENERGY\"":{\""TotalStartTime\"":\""2025-08-05T13:51:51\"",\""Total\"":40.727,\""Yesterday\"":3.494,\""Today\"":1.692,\""Period\"":38,\""Power\"":451,\""ApparentPower\"":610,\""ReactivePower\"":412,\""Factor\"":0.74,\""Voltage\"":240,\""Current\"":2.539}}"""
2025-08-20 13:51:35.000 +0200,Pool H32,240.0,2.54,451.0,home/H32/pool/solarpump/tasmota/tele/SENSOR,"""{\""Time\"":\""2025-08-20T13:51:35\"",\""Epoch\"":1755690695,\""ENERGY\"":{\""TotalStartTime\"":\""2025-08-05T13:51:51\"",\""Total\"":40.690,\""Yesterday\"":3.494,\""Today\"":1.654,\""Period\"":38,\""Power\"":451,\""ApparentPower\"":609,\""ReactivePower\"":410,\""Factor\"":0.74,\""Voltage\"":240,\""Current\"":2.540}}"""
2025-08-20 13:46:35.000 +0200,Pool H32,240.0,2.52,449.0,home/H32/pool/solarpump/tasmota/tele/SENSOR,"""{\""Time\"":\""2025-08-20T13:46:35\"",\""Epoch\"":1755690395,\""ENERGY\"":{\""TotalStartTime\"":\""2025-08-05T13:51:51\"",\""Total\"":40.652,\""Yesterday\"":3.494,\""Today\"":1.616,\""Period\"":38,\""Power\"":449,\""ApparentPower\"":604,\""ReactivePower\"":403,\""Factor\"":0.74,\""Voltage\"":240,\""Current\"":2.520}}"""
2025-08-20 13:41:35.000 +0200,Pool H32,239.0,2.553,447.0,home/H32/pool/solarpump/tasmota/tele/SENSOR,"""{\""Time\"":\""2025-08-20T13:41:35\"",\""Epoch\"":1755690095,\""ENERGY\"":{\""TotalStartTime\"":\""2025-08-05T13:51:51\"",\""Total\"":40.614,\""Yesterday\"":3.494,\""Today\"":1.578,\""Period\"":38,\""Power\"":447,\""ApparentPower\"":609,\""ReactivePower\"":414,\""Factor\"":0.73,\""Voltage\"":239,\""Current\"":2.553}}"""
2025-08-20 13:36:35.000 +0200,Pool H32,240.0,2.524,448.0,home/H32/pool/solarpump/tasmota/tele/SENSOR,"""{\""Time\"":\""2025-08-20T13:36:35\"",\""Epoch\"":1755689795,\""ENERGY\"":{\""TotalStartTime\"":\""2025-08-05T13:51:51\"",\""Total\"":40.576,\""Yesterday\"":3.494,\""Today\"":1.541,\""Period\"":37,\""Power\"":448,\""ApparentPower\"":604,\""ReactivePower\"":406,\""Factor\"":0.74,\""Voltage\"":240,\""Current\"":2.524}}"""
2025-08-20 13:31:35.000 +0200,Pool H32,239.0,2.515,446.0,home/H32/pool/solarpump/tasmota/tele/SENSOR,"""{\""Time\"":\""2025-08-20T13:31:35\"",\""Epoch\"":1755689495,\""ENERGY\"":{\""TotalStartTime\"":\""2025-08-05T13:51:51\"",\""Total\"":40.539,\""Yesterday\"":3.494,\""Today\"":1.504,\""Period\"":37,\""Power\"":446,\""ApparentPower\"":601,\""ReactivePower\"":402,\""Factor\"":0.74,\""Voltage\"":239,\""Current\"":2.515}}"""
